Comment,Designator,Footprint,MPN,LCSC Part #,Qty
100nF,"C2,C4,C5,C6,C7,C13,C28,C39,C41",C_0603_1608Metric,,C14663,9
100nF 50V,"C33,C36",C_0603_1608Metric,,C14663,2
10nF,C11,C_0603_1608Metric,,,1
10pF,C30,C_0603_1608Metric,,,1
10uF,"C8,C29,C43",C_0603_1608Metric,,C19702,3
1uF,"C9,C27,C40,C52",C_0603_1608Metric,,C15849,4
1uF 25V,"C37,C38",C_0603_1608Metric,,C15849,2
220nF,C44,C_0603_1608Metric,,,1
4.7uF,C14,C_0603_1608Metric,,,1
1uF 50V,C34,C_0805_2012Metric,,,1
22uF,"C1,C3",C_0805_2012Metric,,,2
4.7uF 25V,"C31,C32,C35",C_0805_2012Metric,,,3
2.2uF 50V,C42,C_1206_3216Metric,,,1
Touch FPC 6P 0.5mm,J4,Hirose_FH12-6S-0.5SH_1x06-1MP_P0.50mm_Horizontal,Hirose FH12-6S-0.5SH (check contact side of your CTP),,1
to Pi 40-pin header,J2,PinHeader_1x08_P2.54mm_Vertical,1x8 2.54mm pin header,,1
MBR0530,D1,D_SOD-123,MBR0530T1G,,1
MBR0560,D6,D_SOD-123,MBR0560T1G,,1
16V 2%,D3,D_SOD-323,BZX384-B16,,1
6.8V 2%,D5,D_SOD-323,BZX384-B6V8,,1
PTC 1.1A hold,F1,Fuse_1206_3216Metric,1206L110/16 (or BSMD1206-110),,1
10uH 0.6A,L1,L_Taiyo-Yuden_NR-30xx,NR3015T100M,,1
10uH 1.2A,L2,L_Taiyo-Yuden_NR-40xx,NR4018T100M,,1
green,D7,LED_0603_1608Metric,,,1
AMS1117-3.3,U2,SOT-223-3_TabPin2,AMS1117-3.3,C6186,1
2N7002,Q2,SOT-23,2N7002,C8545,1
AO3401A,Q1,SOT-23,AO3401A,C15127,1
BAT54S,"D2,D4",SOT-23,BAT54S,,2
LM321,U8,SOT-23-5,LM321MFX,,1
TPS61040,U7,SOT-23-5,TPS61040DBVR,,1
TPS61165,U9,SOT-23-6,TPS61165DBVR,,1
10k trim (VCOM),RV1,Potentiometer_Bourns_TC33X_Vertical,Bourns TC33X-2-103E,,1
100k,"R1,R22,R23",R_0603_1608Metric,,C25803,3
100k 1%,R25,R_0603_1608Metric,,C25803,1
10k,"R5,R15,R16,R17,R18,R19,R20,R21,R32,R37",R_0603_1608Metric,,C25804,10
13k 1%,R29,R_0603_1608Metric,,,1
1k,R34,R_0603_1608Metric,,C21190,1
2.2k,"R26,R27",R_0603_1608Metric,,,2
22R,R4,R_0603_1608Metric,,,1
30k 1%,R28,R_0603_1608Metric,,,1
33R,R30,R_0603_1608Metric,,,1
4.7k,"R2,R3",R_0603_1608Metric,,C23162,2
750k 1%,R24,R_0603_1608Metric,,,1
1.1R 1%,R31,R_0805_2012Metric,,,1
Pi DSI 15P 1.0mm FPC,J1,FPC_15P_P1.0_PiDSI,"1.0mm 15P FPC, dual contact (TE 1-84953-5 land pattern)",,1
"AT070TN92 FPC (0.5mm 50P, top contact)",J3,FPC_50P_P0.5_TopContact_AT070TN92,Hirose FH12A-50S-0.5SH(55) (top contact),,1
ICN6211,U1,QFN-48-1EP_6x6mm_P0.4mm_EP4.2x4.2mm_Vias0.3,ICN6211 (Chipone),C246085,1
