Designator,Mid X,Mid Y,Layer,Rotation
C1,111.939126mm,-103.997741mm,Top,0.000000
C2,112.002713mm,-105.800387mm,Top,0.000000
C3,147.500000mm,-84.026794mm,Top,90.000000
C4,147.600000mm,-87.400000mm,Top,90.000000
C5,130.793727mm,-84.187582mm,Top,90.000000
C6,158.700000mm,-84.800000mm,Top,90.000000
C7,119.347967mm,-106.925015mm,Top,90.000000
C8,114.453589mm,-104.800000mm,Top,90.000000
C9,125.787894mm,-87.759224mm,Top,180.000000
C10,133.400000mm,-86.850000mm,Top,0.000000
C11,118.900000mm,-92.400000mm,Top,180.000000
C12,114.600000mm,-94.700000mm,Top,180.000000
C13,114.600000mm,-96.900000mm,Top,180.000000
C14,114.600000mm,-99.100000mm,Top,180.000000
C15,118.082483mm,-103.702744mm,Top,90.000000
C16,119.633057mm,-103.899856mm,Top,-90.000000
C17,124.400000mm,-104.226794mm,Top,-90.000000
C18,133.600000mm,-103.600000mm,Top,0.000000
C19,134.059626mm,-92.985672mm,Top,0.000000
C20,133.900000mm,-91.400000mm,Top,0.000000
C21,133.900000mm,-89.900000mm,Top,0.000000
C22,124.400000mm,-90.100000mm,Top,90.000000
C23,125.900000mm,-90.100000mm,Top,90.000000
C24,122.700000mm,-90.080384mm,Top,90.000000
C25,135.000000mm,-83.400000mm,Top,90.000000
C26,123.399999mm,-106.600000mm,Top,0.000000
C27,150.125653mm,-118.485301mm,Top,0.000000
C28,151.000000mm,-116.800000mm,Top,0.000000
C29,115.391715mm,-119.871247mm,Top,90.000000
C30,113.853589mm,-110.899999mm,Top,0.000000
C31,117.653589mm,-111.800000mm,Top,90.000000
C32,119.800000mm,-111.600000mm,Top,90.000000
C33,105.653589mm,-122.400000mm,Top,90.000000
C34,111.000000mm,-124.800000mm,Top,90.000000
C35,117.400000mm,-124.600000mm,Top,90.000000
C36,104.000000mm,-122.200000mm,Top,90.000000
C37,107.300000mm,-127.973205mm,Top,0.000000
C38,117.000000mm,-127.800000mm,Top,0.000000
C39,123.504188mm,-118.390884mm,Top,90.000000
C40,122.400000mm,-126.000000mm,Top,90.000000
C41,121.600000mm,-111.600000mm,Top,90.000000
C42,156.000000mm,-127.000000mm,Top,90.000000
C43,163.400000mm,-122.000000mm,Top,90.000000
C44,161.600000mm,-118.000000mm,Top,0.000000
C45,164.799999mm,-99.400000mm,Top,90.000000
C46,152.860114mm,-104.197557mm,Top,90.000000
C47,154.400000mm,-103.600000mm,Top,90.000000
C50,159.400000mm,-95.600000mm,Top,0.000000
C51,155.340373mm,-99.985672mm,Top,90.000000
C52,166.700000mm,-118.600000mm,Top,90.000000
D1,115.859626mm,-115.985672mm,Top,90.000000
D2,108.200000mm,-124.000000mm,Top,90.000000
D3,115.000000mm,-124.600000mm,Top,90.000000
D4,103.800000mm,-126.200000mm,Top,0.000000
D5,113.600000mm,-127.800000mm,Top,0.000000
D6,156.346410mm,-122.200000mm,Top,90.000000
D7,164.200000mm,-111.200000mm,Top,0.000000
F1,109.553938mm,-117.646812mm,Top,90.000000
FB1,121.000000mm,-107.000000mm,Top,90.000000
FB2,116.000000mm,-105.000000mm,Top,90.000000
J1,103.500000mm,-94.750000mm,Top,-90.000000
J2,103.650000mm,-109.800000mm,Top,-90.000000
J3,139.000000mm,-125.500000mm,Top,0.000000
J4,171.000000mm,-125.500000mm,Top,0.000000
L1,112.600000mm,-118.800000mm,Top,0.000000
L2,160.000000mm,-126.400000mm,Top,0.000000
Q1,102.400000mm,-117.800000mm,Top,0.000000
Q2,106.400000mm,-117.800000mm,Top,0.000000
R1,117.960821mm,-115.200623mm,Top,-90.000000
R2,110.688826mm,-108.065307mm,Top,-90.000000
R3,116.000000mm,-88.000000mm,Top,0.000000
R4,112.947305mm,-87.737752mm,Top,0.000000
R5,112.899999mm,-86.219615mm,Top,0.000000
R6,112.600000mm,-84.600000mm,Top,0.000000
R10,122.400000mm,-103.975000mm,Top,-90.000000
R11,134.288966mm,-94.524792mm,Top,0.000000
R12,124.105572mm,-108.921690mm,Top,90.000000
R13,150.299999mm,-91.880384mm,Top,0.000000
R14,150.600000mm,-93.500000mm,Top,0.000000
R15,150.167596mm,-120.772474mm,Top,90.000000
R16,148.428964mm,-120.848644mm,Top,90.000000
R17,146.800000mm,-120.000000mm,Top,90.000000
R18,126.400000mm,-120.400000mm,Top,90.000000
R19,131.800000mm,-120.400000mm,Top,90.000000
R20,130.100000mm,-120.400000mm,Top,90.000000
R21,128.000000mm,-120.226794mm,Top,90.000000
R22,113.140373mm,-115.985672mm,Top,0.000000
R23,108.600000mm,-120.746410mm,Top,0.000000
R24,113.354006mm,-107.330862mm,Top,0.000000
R25,114.200000mm,-108.900000mm,Top,0.000000
R26,113.000000mm,-124.000000mm,Top,90.000000
R27,110.399999mm,-127.800000mm,Top,0.000000
R28,119.800000mm,-116.400000mm,Top,90.000000
R29,122.645860mm,-122.899363mm,Top,90.000000
R30,120.800000mm,-124.800000mm,Top,90.000000
R31,153.400000mm,-119.000000mm,Top,0.000000
R32,157.800000mm,-118.000000mm,Top,0.000000
R33,156.000000mm,-96.600000mm,Top,0.000000
R34,161.000000mm,-111.200000mm,Top,0.000000
R37,165.140373mm,-118.985672mm,Top,90.000000
RV1,119.206308mm,-120.500266mm,Top,180.000000
SW1,162.400000mm,-92.400000mm,Top,0.000000
U1,127.000000mm,-97.000000mm,Top,0.000000
U2,153.500000mm,-86.500000mm,Top,0.000000
U3,140.500000mm,-86.500000mm,Top,0.000000
U4,138.600000mm,-101.400000mm,Top,90.000000
U7,112.600000mm,-113.400000mm,Top,0.000000
U8,122.875896mm,-115.157657mm,Top,0.000000
U9,160.000000mm,-121.200000mm,Top,0.000000
U10,160.000000mm,-102.000000mm,Top,0.000000
Y1,129.600000mm,-87.700000mm,Top,0.000000
